G1	G2	G3	G4	G5	X	Y
1	0	1	0	0	95.4712058281696	125.601747418083
1	0	0	0	0	95.2370217700624	120.289846947665
1	0	1	1	0	91.9825405631363	107.056265781592
0	0	0	0	0	98.8256570865308	121.563759416467
0	0	0	0	0	100.088903513332	126.271913826326
0	0	1	0	1	99.6801735846245	127.514048345803
0	1	0	0	0	94.0162009266351	114.028565957643
0	0	0	1	0	100.725109137518	129.193994495528
1	0	0	0	0	92.5648161181486	114.246999919687
2	0	0	0	0	100.928516297314	133.934387235563
0	1	1	0	0	99.7454626350133	119.218698650793
1	0	0	0	1	101.70836184825	132.272095477544
0	0	1	0	0	100.408397482634	132.261747122176
1	1	0	0	0	97.59311060049	121.866714414344
0	0	0	0	1	96.8143774238535	123.275123251126
0	1	0	0	0	99.2056712516534	130.19579965852
0	0	1	0	0	100.998675437215	126.611214660408
1	1	0	0	0	99.3639813733936	124.780925395322
0	1	1	0	0	103.448889575941	130.771671653311
1	0	0	0	1	97.7111540227967	116.745939052575
2	1	0	0	0	98.6707166866726	117.713639207087
0	0	0	1	0	93.3904164332063	119.404901566782
1	0	2	0	0	98.043530360417	127.212662241393
0	0	1	1	0	90.5203267131296	106.553357639122
1	1	0	0	1	100.398298772306	130.975717375401
1	0	0	0	1	95.7796231515456	119.267169506078
2	0	0	0	0	102.005834131111	138.541849299625
0	0	1	1	0	97.4384544795322	119.995634508423
0	1	0	0	0	91.984034816854	108.717235265799
0	0	0	1	1	96.5737272614431	118.065085595719
2	1	1	1	1	95.8307411370782	119.509258915155
0	1	1	0	0	100.782886269279	131.649898907787
0	0	0	0	0	98.5648220056539	119.60445729604
1	0	0	0	1	94.6510471698145	121.01474912682
1	0	0	0	0	98.9724085980716	123.817567075262
0	0	0	0	1	93.2710458227623	114.14113848916
1	0	0	0	0	100.197593860036	134.666351554486
0	1	0	0	0	91.9817370800067	112.856495270988
0	1	0	0	0	92.5476888162865	113.536605169127
1	0	0	0	0	100.41757256855	115.749586169958
1	0	0	0	1	94.500580805951	120.975137995371
0	0	1	0	0	93.9065009980277	112.953655087764
1	0	1	1	1	96.318649463869	125.049549172639
1	0	1	0	0	98.3694545933452	129.91761411032
1	1	0	1	1	102.764388490533	122.448986395345
1	0	1	0	0	95.8688258102508	121.983038654976
0	0	0	0	0	89.2787726811733	111.420602715909
1	0	1	1	0	89.9951089472652	89.5448624165202
1	1	1	0	0	102.187341512254	139.916288294508
2	0	2	0	0	106.146039798362	133.526181059678
0	0	1	0	0	94.1095607901289	103.77081588057
0	0	0	0	0	106.643576271769	137.287586946514
2	1	1	0	0	95.1459545813608	126.12924992425
0	1	1	0	0	101.263599538667	139.357654032009
1	0	1	1	0	95.480284246108	109.621061122497
2	0	0	0	0	96.1211672781673	124.002894777706
0	1	1	0	0	89.2626120650599	109.359104894027
1	1	0	1	0	98.489028271655	118.244839782168
0	1	1	0	0	92.8042564379602	112.273074726953
0	0	1	1	0	88.4841510946725	109.989626785433
0	0	0	0	0	93.1786167275517	110.26141820282
1	0	1	0	0	91.1889401115578	104.693499966501
0	2	1	2	0	106.767858208157	139.195128028249
0	0	0	0	0	93.299495769252	115.245037565371
0	1	0	0	1	100.775366574096	122.837439451569
1	0	0	0	0	89.0993485083681	102.446253079501
1	0	0	0	0	97.0001798509883	117.829324217536
1	0	0	1	1	95.0947481406617	113.576193199409
1	0	0	1	0	96.5991869984727	112.795674343638
2	1	1	0	0	106.916948282372	131.425386631559
1	0	0	0	0	99.8047528453992	119.329851692578
0	0	0	0	0	97.3274507775831	125.103704416468
1	0	0	0	1	95.1614786952113	119.998622323193
1	0	1	1	0	103.271956017062	137.579567634887
0	0	0	0	0	96.2634576312996	115.273583267864
1	0	0	1	0	94.8599093256535	109.120346563137
1	1	1	0	0	93.5704627361238	110.713282524898
1	0	0	0	0	102.366286612999	121.994937739043
1	0	1	1	0	103.1968589071	133.431307552281
0	0	0	0	1	92.3039772441386	115.959688841533
1	0	0	0	1	101.397822578724	129.015982825059
1	0	0	0	0	101.547666182638	125.490144118943
1	0	1	0	1	93.845940725195	112.041091277017
1	0	0	0	0	101.07826371155	127.48008080018
1	1	0	0	0	99.4685339514961	124.631508814627
1	0	1	0	0	98.3710845815543	120.766029897853
1	0	1	0	1	94.4732867655452	110.066581257063
1	0	1	0	1	98.9788167309055	123.403531162602
1	1	0	0	0	94.6116523432163	109.680951863881
0	0	1	0	0	93.5734945778872	109.32127818072
0	1	1	0	0	94.101184707486	110.507446708819
0	0	0	0	0	94.3442132764139	115.096743694371
0	0	0	0	0	95.9669290662117	123.047271478947
1	0	0	1	0	104.994130049102	138.200550030237
0	1	0	0	0	101.933052443231	124.220889306182
0	0	0	0	1	107.524092311451	148.489238964917
0	1	0	0	0	94.3531077435261	112.49770996734
1	1	1	0	1	91.9927774946678	109.042865230058
1	1	0	0	0	105.142325219493	149.013443525413
0	2	1	0	0	97.3960870074229	117.10342713897
1	1	0	0	0	96.1201979295669	120.790204696052
1	0	0	1	0	98.0199086069565	126.417367198329
0	1	0	0	0	92.0179424356156	113.269829125577
0	0	0	0	0	80.0986961240361	88.1909810509295
1	0	1	0	1	93.525932115448	107.515942478308
0	0	0	1	0	101.548182644079	135.641498534199
1	2	0	0	0	100.950119400845	130.413616674642
1	0	0	0	0	100.493072819128	126.672961737398
1	0	1	1	0	93.0312380529728	100.185999723894
0	1	0	0	0	97.4633338422951	130.381991939359
0	2	1	0	0	95.5075881905873	114.681495936302
0	0	0	1	0	91.7495825565854	116.991937034245
0	2	0	1	0	92.4030072752183	108.112027696576
0	1	0	0	0	86.0686884162207	93.0704632683974
0	0	1	0	0	97.285293191296	124.185635983096
1	0	0	0	0	100.152525036108	125.816964710796
1	0	0	0	0	99.066787831518	120.615949061813
2	1	1	0	1	102.263305026246	130.471244469326
0	0	1	0	1	97.8962643924259	128.584333736328
0	0	0	0	0	94.8415304583022	121.519356763075
0	1	1	0	0	99.348296016341	116.045265198137
0	0	0	0	0	98.3777745698502	121.386860820915
1	1	0	1	0	101.092990640841	121.092237776281
0	0	0	0	0	89.8433133343506	97.4194259390718
0	2	0	0	0	90.3700980787061	109.010729431666
1	0	0	1	0	98.9664005967712	122.487439249177
0	0	2	0	0	97.6979046236184	124.468325569707
1	0	0	0	0	96.8448761784835	119.992319372874
1	0	0	0	0	92.6652003182343	102.345684401082
0	1	0	0	0	99.9729998267253	133.240950388324
1	0	1	0	1	92.4469749382813	114.647716917212
2	1	1	0	0	95.7373387774323	118.239737672136
1	0	0	0	1	102.951422769149	133.708726082571
0	0	0	0	0	89.1527189834383	105.340488430058
1	0	0	1	0	98.271746203889	124.019123544251
0	0	0	0	0	99.77549482303	125.542111612545
1	0	1	0	1	102.622646037954	132.407455408598
0	0	0	1	1	91.0642940597878	100.014764721298
0	0	0	0	0	84.43061106615	96.9205881744224
0	1	1	2	0	104.281534362115	141.538870629555
1	1	2	0	0	95.3389778957501	124.229517131163
1	2	1	1	2	100.352260209436	134.094833551927
1	0	1	0	0	87.9256655821855	95.8128464164107
0	1	0	0	0	94.1489152273917	107.248969873763
0	1	1	0	0	104.810414072651	137.72209946854
0	0	1	0	0	88.7562286529462	108.024250113132
1	0	0	0	0	96.2796674481007	111.490468673661
0	1	0	1	1	95.6095216230063	119.166921787907
1	2	0	1	0	93.1838416446381	120.396200959944
0	0	1	0	0	102.639260499703	121.821209318329
1	0	0	0	1	97.3955891889219	129.016566534868
0	0	0	1	0	101.599675429454	123.539140290079
1	0	0	1	0	96.5008508329706	113.46881638656
0	0	0	0	0	97.8067419379058	115.944081612265
1	0	0	1	1	102.945449933488	134.076326483323
0	1	0	1	0	91.4635561171229	112.410793601083
2	0	0	0	0	96.2033258962776	119.681273193597
1	1	0	0	0	103.971028713486	134.658305673402
0	1	0	0	0	92.0534186990082	117.618311012933
1	0	0	0	0	98.377451440907	122.990536642854
0	0	1	1	0	100.803436235933	133.38902378334
0	0	0	0	0	100.549973153461	127.297038473561
0	0	0	0	0	80.6375510311849	84.9358338008427
0	2	1	0	0	91.3264922918861	106.078091826106
1	0	1	0	1	104.197509120885	136.599821631106
0	0	1	0	0	94.982000192702	115.834472314812
1	0	1	0	0	97.6242098833783	122.6077807435
1	0	0	1	0	96.7611282250747	124.887266337455
1	1	0	0	0	99.0126128028277	126.792462085031
0	0	0	0	0	100.033267091465	119.106299513805
0	0	2	0	0	99.0912425833123	123.606806615566
1	0	0	1	1	94.5113378501897	113.626493707565
0	1	0	1	1	98.1573684840771	118.773269678
0	1	0	0	0	88.1945198450609	99.9960909657099
0	1	0	1	1	97.9479647775313	129.526288067821
1	1	0	0	0	93.4894737224621	115.039325668986
1	0	1	0	1	97.7413544947782	118.455388765651
2	1	1	0	1	108.173813282425	139.537158760939
1	0	1	0	0	95.289463406175	117.472055797321
1	0	0	1	0	96.4806475193479	124.482079995876
2	0	0	0	0	103.360192876965	137.483943396511
1	1	0	0	0	105.527269978855	153.636554903016
0	0	1	1	0	98.4692102467412	112.986028055827
1	0	1	0	1	95.7960897864312	117.189558329703
0	1	0	1	0	105.367005709583	137.4745294247
1	0	1	1	0	93.0129858438078	115.05112211958
0	0	0	0	0	92.7854589173491	113.343377220773
1	1	0	0	1	97.4964865620222	110.385945247471
0	0	0	1	0	95.2543196878633	119.441425649032
2	0	0	0	0	92.498115757923	112.843841191365
0	1	0	0	0	93.3594378390152	115.936193253124
1	0	0	0	0	89.738371087478	111.323447956986
0	0	0	0	0	87.4814159442042	104.881052934288
2	0	0	1	0	95.2781702167095	120.406783089023
2	1	1	0	0	101.268310764994	120.571215849637
1	0	1	0	0	99.7017095198218	123.156081317696
0	0	0	1	0	95.5479687733233	126.160499095763
0	0	1	1	0	98.5091825294799	124.47746304406
0	1	1	0	0	96.9060152975953	125.586292517011
1	0	0	0	0	102.336984901089	136.404008497029
1	0	0	0	1	105.95903238145	143.959474894017
2	0	0	0	1	90.4854039943236	100.578506634608
2	1	0	0	1	98.6744780347984	125.713074266648
0	1	0	0	0	99.4527739536091	125.653167046389
1	1	0	0	0	96.4177597883647	111.414556021529
0	2	0	1	0	95.8347377967992	124.128696564982
0	0	0	0	0	96.6685863111116	121.765062497066
1	0	1	0	0	96.4904163860826	121.073049341498
1	0	0	0	0	94.448824059941	107.757311608336
0	0	0	2	0	99.2420562470263	134.22490804031
1	1	1	0	1	94.828930705623	109.232385584303
0	0	1	1	1	102.469647898847	131.402287611002
2	0	0	0	0	83.4910293427722	93.2004841294617
0	0	1	1	0	96.4154446731706	109.133985563867
1	2	0	0	1	96.4835626021661	125.525439221451
0	0	0	0	0	97.3465173698787	117.713864292774
0	0	0	0	0	101.557569862037	129.53718204913
1	0	0	0	0	86.8289393795929	97.0736926750285
0	1	0	0	0	90.223075238292	108.714245252365
0	1	0	0	0	100.376750366914	125.972379290733
1	1	1	0	0	93.6499962047548	114.873652206928
0	0	0	0	0	102.07941711319	120.264054946308
0	0	0	0	1	98.5931819766922	124.702327635978
2	1	0	0	1	100.370361051256	120.274575415793
0	0	0	0	0	89.349463740221	103.953630134996
0	0	0	1	0	97.1767783502812	123.850051587702
2	0	0	0	0	103.401679313576	136.96581381855
0	1	0	0	0	94.1794289082612	112.828492734357
0	0	0	0	2	93.7717178633161	116.276405479287
0	1	0	0	0	92.57570617141	116.580436378003
1	0	0	1	0	106.071539308007	149.854680399703
1	0	0	0	0	100.27949302042	123.871461913583
0	0	1	0	0	89.4329002886259	97.8412410623703
0	0	0	0	0	97.0825535613163	127.2391300487
1	1	0	0	0	90.9217270135216	101.974824580141
1	0	1	1	0	94.3139559691598	112.29108793024
1	0	0	0	1	93.1867504173862	115.47509026519
0	0	1	0	0	100.475978591359	120.802620586087
1	0	1	1	0	93.2434763630962	120.17707089869
0	0	0	0	1	102.820055169003	131.828253221481
1	0	0	0	0	93.4034319774805	115.247640030026
0	0	0	0	0	89.8311196133989	108.302335314473
1	0	1	0	0	94.7994359882253	114.471723595399
0	1	0	0	0	90.2359144392044	106.935036574246
1	0	0	0	0	104.733617374136	135.728243438848
0	1	1	0	1	95.6208086872059	126.138332797708
0	0	0	0	0	95.5791779387985	108.326273590878
0	1	0	0	0	100.364166408339	137.642471188748
1	0	0	0	0	94.2512183953281	115.456999742234
2	0	1	0	0	96.8336500741777	126.659741112351
1	0	2	0	0	94.4973781565167	111.652186405072
1	1	0	0	1	94.7070294860324	126.564513283197
1	0	1	0	0	92.147595796832	113.936780759393
1	1	1	0	0	83.5090381631723	93.9320346732359
0	0	1	0	0	90.4487631336853	111.901082052657
1	1	0	0	1	102.160124060313	128.021676167081
1	1	2	0	0	103.01737154949	140.444117024175
2	0	0	0	0	79.2974933049481	86.1248113769139
1	0	1	1	0	93.6011983713544	114.338477840776
0	1	1	1	0	97.834528569553	125.261647455659
2	0	0	1	0	100.333478561116	129.336113858037
0	0	0	0	0	98.9731759147434	125.17735695726
0	1	1	1	0	104.554900412349	134.56966646919
2	1	0	1	1	97.3281016332831	122.49097319564
0	0	0	1	0	98.3578638580708	117.362037094645
1	0	1	1	0	99.7374548766162	121.503217396701
0	1	0	0	1	100.714660130686	130.317925494691
2	0	0	1	0	98.5267936496064	130.632195816773
1	0	0	0	0	96.0397181803022	116.071271022834
1	0	0	0	1	100.142256543163	122.740213404719
0	0	0	0	0	93.7783510574104	116.92396588371
1	0	1	0	0	96.9768242906272	124.058238144227
0	0	0	0	0	95.6287081149535	111.342839151823
1	1	0	0	0	95.8421390404478	121.800520009677
0	0	2	2	1	113.692750290273	155.398316656046
1	0	0	0	0	95.0048111519199	120.788965022039
0	1	0	1	0	96.150380197613	108.699175664498
1	1	0	0	0	91.740531674775	121.738171772355
0	0	1	0	0	84.0446580805769	87.1584519667817
1	1	1	0	1	95.1932458637265	116.950183704507
0	1	2	1	0	95.8697493636778	120.330320206758
1	2	0	0	0	95.3124744814716	122.050222893497
0	1	0	1	0	97.1830823749638	114.588557365128
0	1	0	0	1	98.86216092795	131.578430071747
2	1	1	1	1	105.30284042777	136.914550626189
0	0	0	0	0	91.6860309191237	111.879558122525
0	0	0	0	1	92.5813964254617	111.82392096106
0	0	0	0	0	100.664417515177	126.461306613788
0	0	0	0	0	94.8872964771293	114.171115978308
0	1	0	0	0	89.8831156574604	103.61433642981
1	1	0	0	0	93.5638386035778	109.325985923431
1	1	0	0	0	90.6688157788574	108.535262729115
0	1	0	1	0	104.064355010726	152.202824206377
2	0	0	1	0	103.059866468193	129.154880380987
1	0	0	0	0	96.8108752562997	117.874174358442
0	1	0	0	0	99.5966973679241	129.620801918209
0	1	0	0	0	87.7324569489259	101.843316347358
0	0	0	0	0	87.972908133882	96.9011265988045
0	1	1	0	2	105.228824952155	140.614960211407
0	1	0	0	1	95.4787211034299	115.226672480703
1	0	0	1	0	98.5801020380914	122.28578086677
0	0	1	0	0	87.8506935029484	103.429736969363
1	1	0	0	0	92.8643104450824	113.012341825016
1	0	1	0	0	86.5733434033893	94.8614862327554
0	0	0	0	0	93.3673005492858	111.761348940707
0	0	1	1	0	101.797750689095	140.214209692881
1	0	0	0	0	93.6110759185024	116.994601480234
1	1	0	0	1	97.2958966455111	130.972557509078
2	0	1	0	0	98.4649782081536	123.246383771567
1	2	0	1	0	96.8632527370194	119.637567912804
0	0	1	0	0	104.631885274345	139.00367744069
0	0	0	2	0	101.415453859511	129.93509210374
0	1	0	0	1	93.9694559435382	116.671685733728
1	1	1	1	0	102.948740402	132.364347112581
0	0	0	1	0	79.0449112789048	82.4859226875537
1	0	0	0	1	101.693274764482	135.744641381771
0	1	0	0	0	92.5808607222727	117.54365508149
1	0	0	0	1	97.2852073253891	121.873521830924
2	1	0	0	1	102.989884716735	127.856770726493
1	1	2	0	0	91.2567243827246	108.082118023027
1	2	1	0	0	95.427563016798	116.910013548711
1	0	1	0	0	99.6990418213511	122.094885481896
0	0	1	0	1	93.9028776706986	113.041185166786
1	1	0	1	0	97.4704157999751	123.767805686604
0	2	1	0	0	99.1058602827145	122.222677867595
1	1	0	0	1	103.455849031897	136.305032207397
1	0	0	0	0	95.7665069376504	109.573063404955
1	0	0	0	0	96.3690289479457	116.70255388809
0	0	0	1	0	94.0007181077648	107.442020199529
1	1	0	2	1	97.7916393237735	127.962290752273
1	0	0	0	0	100.277086388522	129.8419610046
0	0	1	0	0	90.3043294361216	111.144039031407
0	1	1	1	0	92.4004715439776	115.079919341851
0	2	0	0	0	100.062968509549	127.68559603506
1	0	2	1	0	98.5799558917598	122.144390694389
0	0	1	1	0	91.8155556757768	111.787207600365
2	0	1	1	1	104.759300378955	136.03480544639
1	1	1	1	0	94.0277426912866	119.220010345735
0	0	1	0	0	107.175492854905	143.442496649729
1	0	0	0	0	100.906445782888	124.654301426839
0	1	0	0	0	96.4447624630294	116.514490228836
2	0	1	0	0	98.3745373736562	121.092832160602
1	0	1	0	0	94.0693600245368	114.215453049931
1	0	0	0	0	95.143893761332	121.677822044889
0	0	1	0	1	101.891816580426	137.352763287596
0	0	0	0	0	92.7049867046442	118.490124034358
0	0	1	0	0	91.0266288803018	102.771436043665
0	0	2	0	0	97.5286490023629	122.511188820351
2	0	1	0	0	93.8584839264733	116.016739039848
2	0	1	0	1	95.6225603287263	113.111130106477
1	0	0	0	1	103.208346434273	133.649274797409
1	0	1	0	0	93.2458174362513	115.313936159251
2	1	1	0	0	103.532290093838	138.866670049499
0	0	0	0	0	90.1843454522071	108.501668494163
2	2	0	0	0	96.0905212264157	126.206392192259
1	0	2	0	1	107.346115799925	138.99404413522
1	1	0	0	0	96.3890788467301	122.093227691976
1	0	0	0	0	90.5222892603576	116.301932610523
0	0	1	0	0	100.076630117133	119.27148143346
1	0	0	1	1	105.715731886234	137.082228886547
0	0	0	0	0	86.3865116100584	100.72194609888
1	1	0	0	0	99.2719665566993	117.7497187775
1	0	0	0	0	91.9675226798573	110.271325842845
2	1	0	0	1	100.696907121046	128.350593791593
1	0	0	0	0	97.7068834610497	124.978815956513
2	2	0	0	0	92.1998180424013	112.997169308581
1	1	1	0	0	85.9639171332546	105.289206504529
0	0	0	0	0	92.3206775403826	111.091389004096
1	0	0	0	0	93.0749143469114	109.929230487613
0	1	1	0	0	100.182188384106	135.28859992255
0	1	0	1	0	103.634016821073	132.417660862893
0	1	0	0	0	97.3450165739397	120.859693481411
1	1	0	0	0	90.4986804400257	107.769971119213
1	0	1	1	0	90.9808817519089	99.8305311873441
2	1	2	0	1	101.236109652809	131.493094593849
0	0	0	0	0	88.9382706142909	109.047300962924
1	0	1	0	0	86.2369882995921	108.268537992315
1	1	1	0	1	87.6323977291991	103.863292439407
0	1	0	0	1	97.1490603658977	123.740409266846
1	2	0	0	0	99.7074469900618	125.771760621411
0	1	1	1	1	104.775312414504	137.449059467872
0	0	2	1	0	95.4997339320944	106.050660654713
1	0	0	1	0	97.2723193104088	118.700393055262
0	0	1	1	0	98.8020009037269	134.535736672843
2	1	1	0	0	97.9937299906886	115.246466782856
0	1	1	0	0	89.9498442473183	106.222678898079
1	2	0	0	0	91.3942479671575	109.897772791876
0	0	0	0	1	97.7021143682706	121.827937448012
1	0	0	0	0	98.8083096861801	127.330838145203
1	1	0	1	0	85.6488345706745	109.572635834946
1	0	0	1	0	94.5704733303608	127.515563152676
1	1	1	2	0	96.0112094906522	111.998292835839
2	0	0	0	1	99.202491541278	116.378031542972
0	0	1	0	0	101.984047211183	126.276701763839
1	0	1	0	1	88.3288367886017	104.100611016189
1	0	0	0	0	94.6113564683435	113.666014862238
1	2	1	1	0	93.3945073684191	111.876320279624
0	1	0	0	1	107.195466787978	150.981306719375
0	1	1	0	0	93.834601718153	109.289323950116
2	0	0	0	1	95.386164538634	116.24186994807
0	0	0	0	1	96.7643130496928	115.958896313628
0	1	0	0	0	105.330380698177	134.887606772715
1	0	1	0	0	86.602337989008	95.5384943771672
1	1	1	1	0	94.4091084214155	114.927392612973
0	0	0	0	0	101.833638054506	135.435874570712
2	1	0	0	0	88.6249470651242	111.06309981069
1	2	1	0	0	95.7904362099153	114.699683848254
0	0	0	0	0	96.3333189693092	122.830329572021
1	0	0	0	0	94.2359719189511	114.963717634967
1	0	1	0	0	103.90951615588	132.568978716364
2	0	0	0	0	87.7059021178616	95.8472820958977
1	0	0	0	0	98.4889821915417	116.766959984907
0	0	0	0	1	94.428036861436	114.281267500584
1	1	1	0	0	99.0271932277008	116.577571338719
1	1	2	1	0	98.8524780420346	122.801820736407
1	0	0	0	0	90.7968169869369	111.004135864415
0	0	0	0	0	87.7110202147002	108.652044547953
0	1	0	0	0	94.8236586544846	119.373359165436
1	1	0	0	0	100.440150409938	131.440810926044
1	1	0	0	0	95.8605987641442	112.329537316248
0	1	1	0	0	99.3387992300332	138.106866014182
0	0	0	0	0	99.0051479815839	126.256909420239
0	1	1	0	0	84.1412700931021	95.3229664998812
0	0	0	0	1	87.6740251648937	100.144809594631
0	0	1	0	0	89.6173164713032	104.31083418963
1	1	0	1	0	101.128654839159	126.065564420625
2	0	1	0	0	87.7961402835578	95.9146442652687
1	1	1	0	0	91.9465024714896	106.467915742509
1	0	0	1	0	100.622422231042	126.703545870955
0	0	0	1	0	101.155137250674	127.451459195562
2	0	2	1	0	101.165075230242	125.174266564333
1	0	1	0	0	100.673088827538	129.375438714685
0	0	0	0	0	98.2236647681816	125.424887751538
0	0	1	0	0	98.9067731396311	128.098433863602
2	0	0	1	1	94.5146020596585	121.901098945249
0	0	0	0	0	92.2767324428393	108.429054844625
0	0	0	0	0	95.7587853769473	109.745055170169
0	0	0	1	0	89.53428619095	102.656970233293
0	0	0	0	0	90.2539528009989	106.066868207951
1	1	0	0	1	108.569223317478	138.521696055986
0	1	0	0	0	96.6828913399271	125.194043883154
0	1	0	0	1	96.645493412394	118.331869149788
0	1	0	0	0	96.4783076377583	117.789576689771
1	0	1	1	0	97.7540109572933	116.135143395777
1	0	0	1	0	91.5654663051067	112.05120292522
2	0	0	1	0	103.488111458529	138.625227695151
1	0	1	0	0	98.5564650126278	130.760411214141
0	0	0	0	0	100.015911241429	126.498242460869
0	1	1	0	0	88.7106950511678	95.3372568483591
0	0	0	0	0	101.776961249577	125.720678223236
1	0	0	1	0	96.7690274053015	122.891148810167
1	0	1	1	0	95.3668191884216	116.216372578283
1	0	0	1	0	107.480035656691	140.146713168533
0	1	0	0	1	106.227970143488	146.983608202449
0	0	0	1	0	97.0571259239533	120.443509945156
1	0	1	0	0	102.172177704479	134.228842316499
0	1	1	0	0	98.1978639636716	126.081708029368
0	1	1	0	0	101.279301909889	127.558204476644
0	0	1	0	0	94.4084554253741	113.921708492227
0	0	0	2	0	95.2985985735994	122.9094595571
0	0	0	1	0	94.7207988462104	112.598735118672
2	0	1	1	1	108.373549147629	147.764780801872
0	1	1	0	0	91.8860909937823	103.849491339874
1	0	1	0	0	96.5846466799707	134.965214201469
0	1	1	0	1	83.7958173013718	99.351832907149
2	1	0	0	0	92.3853044110961	120.167674077817
0	0	0	0	0	92.0541403653099	112.511410508379
0	0	0	0	1	100.665061108472	124.48936709228
0	0	0	0	0	89.9595567729375	111.455258029366
2	1	1	1	0	101.714352840451	125.000984329836
0	0	1	0	0	90.644176214405	115.316205100756
0	0	0	0	0	93.7648302995517	108.959499628415
0	1	1	0	0	96.7897450613804	125.472133710314
1	0	1	0	1	96.0538681643762	114.136410290324
2	0	0	1	0	97.1090596686146	122.900875219302
1	2	1	1	0	85.3777242705287	94.111676131374
0	1	0	1	0	94.5958890151921	109.367394833656
0	0	1	0	0	98.170023344364	116.653275414711
1	0	0	1	0	90.4103588622832	99.8271325361063
1	0	0	0	0	89.2034022908648	97.6884081060637
1	0	2	1	0	102.606084499518	130.764353169836
0	0	0	0	0	92.1799764223017	112.048078035492
2	0	0	1	1	102.650170948907	131.057073147644
1	0	0	1	0	93.6495736210921	113.724988905735
0	0	1	0	0	92.653327621698	103.833985794399
0	1	0	0	0	92.9652244476091	114.045932669627
0	1	0	0	0	97.6583866880547	129.558348628146
1	1	0	0	0	96.0921407886825	108.073745184893
0	1	0	0	0	96.247149193165	125.946298970015
1	2	1	1	0	98.323356243063	121.314401819885
0	0	0	1	0	98.167651613561	123.326007617257
1	0	1	0	0	94.0831688540976	113.8167928692
1	0	2	1	0	99.7659687735475	129.543179112794
0	0	1	0	0	89.5990696741176	109.873908012048
1	1	2	0	0	98.8676948255226	120.470271422476
1	0	0	0	0	103.313690655319	127.367347935843
2	0	1	0	0	100.453832216159	124.033651539314
2	0	1	0	0	100.158859707368	125.473080276756
0	1	0	1	0	102.460397535571	128.487958370741
2	0	1	1	0	98.3178899453761	120.235914393119
1	0	0	0	0	93.6665865518035	112.068486670545
2	1	1	1	0	97.4263169059281	125.618653066132
1	0	0	0	0	100.516291855377	123.569847106653
1	0	1	0	0	91.7728381299975	117.380657882523
0	1	0	0	0	99.9532069842882	127.092156265445
1	0	1	0	1	96.1473720666485	117.316316366219
0	1	0	0	0	97.1596878312439	111.977790790846
1	0	0	0	0	93.1640514467887	110.688709694844
1	0	1	0	0	103.865434509612	128.058720501257
0	0	0	0	0	95.1227681375938	118.610501292938
1	0	0	0	0	89.683627106557	108.372498535199
0	1	0	0	0	95.5552344166761	124.244785169774
1	0	1	0	0	98.3049783749358	130.518700210966
2	1	0	0	0	98.5358234002982	121.923393020749
1	0	0	0	1	102.620493531168	125.613366435135
1	1	0	0	0	97.2037278867348	126.097061056024
1	0	0	0	0	100.613129797842	124.632413925685
0	1	1	0	1	105.109413756725	130.700547558818
2	0	0	0	0	100.864171741077	129.51536173998
1	0	1	0	0	82.045003974295	96.983933584538
2	0	1	1	0	94.0623745148843	114.06783062901
1	1	1	1	0	100.146016375282	116.556381843275
0	0	0	0	1	101.088760226603	126.71844759075
0	0	1	0	0	94.9880028086561	116.538457140766
0	0	0	0	0	99.7813059438177	132.714146968926
1	0	0	1	0	92.2816486261134	114.605976794077
2	1	0	0	0	99.7604079937781	126.391647980742
0	2	2	1	0	92.4292549829326	110.244201817902
1	0	1	2	0	96.4057924227163	113.650538724867
0	1	0	0	0	92.2953224950907	108.081815104928
0	0	0	0	1	105.906673367144	138.02678639773
1	0	2	1	0	94.4052720161272	122.702482421771
1	1	1	0	0	97.2248073484513	121.467156258807
0	0	0	0	0	94.0470766358938	107.278761308476
2	0	0	0	1	104.610432858673	138.613854451546
1	1	0	0	0	98.1830553447593	121.476005986674
2	1	1	1	0	114.142369566722	153.487438671047
0	0	1	1	0	94.2109566862318	107.071728918929
2	0	1	0	0	102.824926499568	126.400975539554
2	0	0	1	0	95.1473790353844	129.535309310086
1	0	0	0	0	94.9295526795799	113.88938204123
1	0	0	0	0	103.746062953747	134.435849647934
0	0	0	0	0	98.3824806857966	117.992488792249
1	1	0	1	1	97.0431035188778	118.265832429565
0	0	0	0	1	98.5618299755677	124.511423150454
1	1	0	0	0	90.9413186723013	110.185820881911
0	0	0	1	1	95.0706347620397	119.905308082102
1	1	0	0	0	93.5121869140361	117.595046799536
0	0	0	0	0	101.080940933756	132.656662705314
1	1	0	0	0	86.9422528301562	97.8654890472197
0	0	0	0	0	92.2063052756349	117.057853554528
0	1	0	0	0	99.9331297340304	126.324791908234
0	2	0	2	0	93.3760060087124	113.853113067952
0	1	0	0	0	95.9106487716524	120.58636533345
1	0	0	0	0	94.3959363431492	115.233664615725
0	0	0	0	0	94.9999979340144	112.584923684557
0	1	0	0	0	92.9882621844824	106.838543842888
1	0	1	1	0	94.7463113769566	112.063687085699
1	0	1	1	1	93.0596245327403	108.850139570872
0	1	0	1	0	100.179189273428	129.743315233282
0	1	1	1	1	108.658095792432	143.50134036652
1	0	1	1	0	96.2689803320307	126.59116648476
0	0	1	0	1	101.829563571289	128.241850909633
0	0	0	1	0	96.158955337512	122.801578390525
0	1	0	1	0	96.0168704850419	111.521110621594
0	0	0	0	1	99.4072059922063	130.268483386691
1	1	1	1	0	99.1530864799986	124.600260338357
1	1	0	0	1	100.40590267655	135.774128062576
0	0	0	1	0	97.2454055471312	109.140963194596
0	0	0	1	0	88.7736469621842	104.043471847854
0	0	1	1	0	95.7175442183763	115.390787340644
2	0	0	1	0	98.7803935443482	129.617571590701
2	0	0	0	1	101.948466666241	128.5706919604
0	0	1	1	0	96.4538064863417	115.354649377346
1	0	0	0	0	101.692733494956	120.566302866695
0	0	1	0	0	94.1969124288388	120.62817036131
1	0	1	0	0	98.2166544414619	124.098302231511
0	2	1	1	2	101.810474459722	113.929893662434
0	0	0	0	0	94.4475160551517	115.009211859054
0	0	1	0	0	90.8259603401589	106.252064627457
1	1	1	0	2	107.959270125059	136.677960778346
0	0	0	0	1	103.551432745358	131.652775237778
1	0	1	0	0	101.218887433849	122.650657926996
0	0	1	0	1	96.8424793173047	124.963792238882
0	0	1	0	0	98.8508118936125	128.036795285024
1	0	1	0	1	102.927177715961	124.008828195921
0	0	0	0	1	96.0839057440009	111.499023175702
1	0	0	0	1	98.2138181428537	120.960583966856
1	0	1	1	0	98.869221677102	116.915232375123
1	1	0	0	0	90.1071103136102	91.8016937218925
0	0	0	1	1	91.1577659840434	113.955549966628
2	1	0	0	0	97.033228488491	111.353943758611
1	1	0	0	1	99.3836589725745	124.88567560076
1	0	0	0	0	96.6216483636525	112.696254060374
0	0	0	1	0	101.367643717225	125.585509815939
1	0	0	0	0	100.900099150695	126.403169688776
2	0	0	1	0	91.9403406378951	104.086761283029
0	1	0	0	0	101.374861080475	123.678845013635
0	1	0	0	0	98.1474857841486	120.519705530554
1	0	0	1	0	93.1614407417203	108.709708117533
0	0	0	1	0	89.3174386357779	107.097809906963
0	0	0	0	0	97.0968674715063	115.62097314058
0	0	1	1	1	99.7768186469134	132.120222855568
0	0	0	0	0	91.6824800446422	116.358169292792
0	2	0	0	0	93.2012359743019	113.340727341227
0	0	0	0	1	96.4426062746971	121.328567995698
1	0	0	0	0	96.6405322987218	119.154032507344
1	0	0	1	0	93.9458792328864	116.914246085587
1	0	0	0	0	101.734949271745	134.704209493853
1	0	0	0	0	91.0765197615747	118.169152052856
2	1	0	0	0	98.3345419931375	122.845346371737
1	1	1	1	0	87.9373383772889	99.5224729966603
0	0	0	0	1	95.0539710336559	123.912662329812
1	0	0	1	1	109.450956642701	141.336091574202
0	0	1	0	0	98.4511433056343	128.54051393145
0	1	0	0	0	107.486658707891	145.017462493949
0	1	0	1	0	97.4827558899619	117.635243347885
2	1	0	0	0	91.5994164620541	113.439370731947
0	0	0	0	0	96.5390347408179	119.843989391647
2	0	0	0	0	95.9510947360918	121.878045786013
0	0	0	1	1	99.6058645893063	128.591658357392
2	2	0	0	0	101.019579512274	124.298087670975
1	1	0	0	1	95.5830464838552	118.218223022051
1	1	1	0	1	94.4548259991065	109.531020064601
1	2	1	0	0	103.338069217008	139.771173502835
0	1	0	1	0	100.188766593583	133.432943252425
0	0	0	1	0	103.176838608254	138.293364284995
1	0	0	0	2	95.497294477611	119.771005814255
0	1	1	0	0	99.9682578041226	130.577114846465
0	1	0	0	0	95.9681919557535	110.380394062953
0	0	1	1	0	93.2677666776731	109.396694253249
1	0	0	1	0	88.7708146178244	100.665060385736
0	0	1	0	0	96.4234894927495	106.459875273903
0	0	0	0	1	89.4404314286494	109.498964341698
2	0	0	0	0	93.1846818454573	112.781695645708
0	0	1	1	0	97.677802633976	124.838795205377
1	0	1	1	1	101.304129795983	124.133257948706
0	2	0	0	0	96.3680177886783	111.166404729318
1	0	1	1	0	92.7374906377199	115.304652900564
0	0	0	0	1	95.6577532955311	117.789841617561
1	0	0	0	1	95.7714418919113	124.136716730787
0	0	1	1	0	93.6288465609176	114.356431657247
1	0	0	1	1	95.6536043203367	114.566779865546
1	1	0	1	1	99.6045715566567	122.082847291571
1	0	1	0	0	100.336957935353	135.713599263078
0	1	0	1	0	97.1525507063861	116.28911947097
0	0	1	1	1	94.0000001408151	108.898975464236
0	0	0	1	1	93.6186756817357	107.274854824755
1	0	1	0	0	92.3952424736703	109.955199843406
0	0	0	0	0	99.2824691953289	124.100746431555
0	2	1	0	1	110.037211662909	148.064176194826
0	0	1	1	0	95.0768740088056	117.047793675314
0	0	0	0	1	98.4314734923762	119.419021059607
1	0	1	0	0	95.9142152653902	119.692221410451
1	0	0	0	0	95.9560638258261	110.361864482038
0	0	0	1	0	90.8949303717418	103.882485168127
0	0	0	2	0	98.651324216421	121.172112820853
0	1	0	1	2	107.432427067687	138.85142463423
1	0	1	0	0	98.6401099929633	126.005480115577
0	0	0	1	0	91.1902400735103	100.36844114272
0	0	0	0	0	96.5203408565757	119.379822716803
0	1	1	0	0	101.18280577924	137.500721605122
0	0	0	1	1	110.244600534007	142.318393250312
0	0	1	0	0	98.1902492428891	130.979619442964
0	0	0	0	0	94.0498936789022	114.19104797506
1	0	0	0	0	105.276301886275	126.598320790215
0	1	0	0	0	93.8928473845	116.837243865528
1	0	0	0	0	91.7856842685463	108.872061402168
0	1	1	0	0	98.2989265207107	129.21479527124
0	0	1	0	1	102.725376247547	126.748870361656
1	0	0	2	0	102.753465965045	133.768823811857
1	1	0	2	0	105.283634062678	142.000378821363
1	2	0	0	0	94.5222986771529	118.847872673977
1	0	1	1	0	93.1110430886178	114.676034434305
0	2	1	1	0	94.1122102045973	113.317494977046
0	0	1	0	0	96.6591835984203	121.728845313054
0	1	0	0	1	97.2405637924286	124.290889652043
1	1	0	0	0	101.19409553417	120.991314084527
2	0	0	0	0	101.003246602938	119.321326156108
0	1	1	0	0	99.323973423815	125.272818091626
2	1	0	0	0	91.7142478678878	112.388652459924
1	0	0	1	0	98.9194449541506	132.363448086424
1	2	1	0	0	100.253530685425	124.439286086683
1	1	0	1	0	99.5346160010641	128.638444542232
0	0	0	1	0	90.4852292413494	105.837588576757
1	0	0	0	0	88.9588281179031	109.078110167541
0	0	1	0	0	100.396057682954	118.61765257741
0	0	0	0	1	91.6862019289139	114.379705813548
1	1	0	0	0	95.3401702094605	113.952839912167
0	1	0	1	0	101.628545598471	132.080260458153
1	1	0	0	1	93.9808623339615	118.388636644878
0	1	0	0	1	110.345670027984	140.356366539243
1	0	2	0	0	96.4731618840752	109.476422682352
0	0	0	0	0	95.1191907250734	120.370416482081
1	2	0	1	1	98.140624590592	127.322380723551
1	2	0	0	0	93.178507133484	112.235234122191
0	1	1	0	1	101.477359996838	127.889224837219
0	1	1	1	0	98.0968103432574	125.110035045638
1	1	0	1	0	99.5793974155724	122.09384932793
0	0	0	0	1	88.8003503367634	105.633544045493
1	2	0	0	0	96.4723264415665	119.759558582461
0	0	0	0	0	96.673566496814	119.460722585746
1	1	0	0	0	100.082830350377	127.961945986864
0	0	0	1	0	104.596014905864	135.195044762295
1	1	1	0	0	100.137802814348	124.807440129782
1	1	0	0	0	97.1474318771569	124.223860405256
1	0	0	0	0	93.3113716735533	122.856272655734
1	0	0	0	0	99.786737466199	130.023814867152
2	0	1	1	0	91.0405260488442	108.796014872621
1	2	1	1	1	100.76990188668	129.094652966983
0	1	0	0	0	90.7620621710354	117.961194079025
1	0	0	1	0	95.7832903026158	113.773154864523
0	1	1	0	1	94.0777561579408	125.366312181237
0	0	0	0	0	84.1616161194481	96.1036343271999
0	0	0	0	0	98.901794336867	126.455601054561
1	1	0	0	0	93.9862524678375	106.757934049657
0	1	0	0	0	105.001452238591	138.086254123711
0	1	0	0	0	89.3575849957243	106.197280127419
1	0	0	0	0	96.0579579214357	122.198755537909
1	0	0	0	0	99.912472302814	126.065854539864
1	1	0	0	0	98.5354557363482	129.658475130082
1	2	0	0	0	94.4324826551949	117.379061373716
1	1	2	0	0	101.603306621621	131.190370560603
0	0	1	1	0	93.6152957888015	115.932809496523
2	0	1	2	0	102.134420413942	130.13003478019
1	1	0	0	0	95.4684553356076	112.615715596095
0	1	1	0	0	103.454535126986	134.203287281258
1	0	0	0	0	98.6835911548928	118.672086788663
0	1	0	0	0	88.8872747218562	103.747198669798
0	0	2	0	0	92.7231595094601	107.84989861899
1	1	0	0	0	99.9220104907509	124.024785740801
0	0	1	1	0	100.878453644492	130.659112504699
0	0	0	0	0	90.9292415236568	110.145977427667
1	1	1	0	0	95.5639046528599	114.867243964813
1	0	0	1	0	95.2766175448425	113.259208005584
0	2	0	0	1	99.9127876404664	125.170393985901
1	0	0	1	0	98.6319459825537	127.47216811558
0	1	1	0	0	99.453403124112	124.66917956894
0	1	1	0	0	99.7125966700699	126.691786109549
1	1	0	0	1	104.06429539404	135.414354933127
1	0	0	1	0	96.9067483794705	114.052802100627
0	0	1	1	0	99.8597573845846	128.688848106218
1	2	0	0	0	99.7673250359533	130.924731248798
0	1	1	0	0	99.1196432340456	123.400119456768
0	0	0	0	1	101.119772672713	132.698529349531
0	1	0	0	0	95.2397869189065	114.221657837716
2	0	0	0	0	104.468286061914	134.153123949932
0	1	0	0	0	91.9070958396268	114.275200383146
0	0	1	0	0	99.7363607489547	127.270859511944
0	0	0	0	0	102.287088896062	129.188478453825
0	1	0	0	1	94.256079953232	127.31691796885
0	0	1	0	0	108.309474400868	138.791980969493
0	1	0	1	1	96.4813941723856	114.305667486108
1	0	0	0	0	93.2178514259814	113.144573114467
1	0	0	0	0	94.4689307291554	120.884470621668
1	0	0	0	0	93.9348563125312	112.647990006111
1	0	0	0	0	101.457300121883	128.781569036541
2	2	0	0	0	93.8673654982564	119.065079998876
0	1	0	0	0	104.272027226922	149.123800270595
1	1	0	1	1	104.299582653787	138.859744508152
1	1	0	0	1	94.2897633656307	122.616120182506
1	1	0	0	0	94.6466924638829	125.760470397871
1	0	2	0	0	96.1834735331447	118.380768873556
1	1	1	1	1	99.449187547698	128.24815553819
0	0	0	0	0	105.690513526503	133.481794745828
0	0	0	0	1	94.0639585198693	113.561582630588
1	1	0	0	0	90.6586067507292	114.824540446603
0	0	1	0	0	100.89065989046	124.434212838177
0	1	0	0	1	96.5027769743401	119.527948800907
1	1	0	0	0	91.8808024092083	109.396964375267
0	1	2	0	0	99.2439652531363	125.167403957608
1	1	1	0	0	95.1680186093768	126.982459609298
2	1	0	0	1	104.665623372194	139.366654846248
0	0	2	1	0	92.5944347640873	104.187477833474
0	1	0	0	0	99.5778720201463	122.403377517668
0	1	1	1	0	96.7874662639437	119.250839704538
0	0	1	0	0	95.3064092593907	119.123008600179
1	1	0	0	0	95.6714410515933	119.469236883827
0	0	1	1	1	98.7265853257151	118.997766304391
0	0	0	0	0	102.914644613204	131.57188013251
0	0	2	1	1	96.6237184063249	118.634346706534
0	0	0	0	0	88.0812801860788	106.028158107024
1	1	0	1	0	93.7066149894374	113.299226058118
1	0	0	0	1	105.624951150352	142.009840415519
1	2	2	0	0	99.0233616927307	128.075583628248
0	0	0	0	0	102.461341423085	128.300527898153
0	0	0	0	0	84.5974835162509	90.5420508178542
0	1	1	0	0	90.4566729791541	105.387499014219
1	1	0	0	1	93.8770433643054	110.581986349644
2	1	2	0	0	91.6039485958203	104.925762152317
1	0	1	0	0	92.1598963754398	110.981368647861
0	1	1	1	0	102.359855847793	129.135665344005
1	0	0	0	1	95.2938496994676	120.535964308337
1	0	0	1	1	96.0675215928421	127.434973791719
0	0	0	0	0	98.5086900671965	125.468146972642
0	1	1	0	0	100.889688214144	127.847822954549
0	0	2	0	0	98.6319575170932	126.10052221541
1	1	0	1	0	88.7161436732272	107.77868745477
0	2	1	0	0	94.0118383591734	113.993993318866
1	0	0	0	0	101.98698430874	127.010732958846
0	1	2	0	0	97.8343032494981	119.872674200302
1	1	2	0	1	98.2372146540556	117.398671117125
0	1	0	0	1	99.7870853277543	126.997210096561
1	1	1	1	0	101.134728915565	134.910029031329
1	1	1	0	0	98.9220928265068	124.26028947461
2	1	0	0	0	90.5589910448248	110.985806064917
1	0	1	0	0	99.0238280198874	125.037915435997
0	0	0	0	0	100.720764095401	133.754441988835
1	0	0	1	0	103.495733662745	133.495737480092
1	0	0	0	0	101.515615222956	127.288203861074
2	0	0	0	1	92.9685075089435	105.628627213167
1	1	1	1	0	93.1280319858489	110.476610958874
0	0	0	2	0	97.5047554626193	119.807992343732
1	1	0	0	0	96.0885916725955	116.44396797663
1	0	0	0	1	99.563095315209	124.083429664544
1	0	2	1	0	98.7910167593394	120.785159507679
1	1	0	0	1	105.957814798421	137.120308011052
0	1	0	0	0	91.6709194043836	105.829732436113
0	0	1	0	0	102.539196393896	126.580154032999
0	1	0	0	0	96.9854332666419	125.040481114769
1	1	0	1	0	91.6783185094791	111.647054552616
0	0	0	1	0	96.6247197918487	119.591656870481
1	0	0	0	1	102.842080339045	118.121789425552
0	1	0	0	1	98.6058738802298	127.809388835195
0	0	1	0	2	98.7619399970996	129.77610000884
0	1	1	0	0	99.8576010286523	121.771860120202
0	0	0	0	0	98.9052193773524	113.749370065177
0	1	1	1	1	105.206875923025	130.17211056361
1	1	1	0	0	104.660984219656	135.63700340294
0	0	0	0	0	101.853822833028	127.04315793881
1	1	0	1	0	94.9491405342973	117.945771028678
0	0	0	0	0	97.8045098114189	116.871686387614
0	0	0	0	2	105.229311379182	141.504546875053
1	1	0	0	0	91.7992738995482	109.239159965424
0	0	0	0	1	112.13556894573	149.369540682654
1	1	0	0	0	101.113861320543	123.981814202361
0	1	0	0	0	95.0731831503263	108.87914732001
1	0	0	1	0	103.229165094024	131.887104901769
1	1	0	0	0	94.2399172134764	118.207127629825
1	0	0	0	0	99.0351116808083	123.893835441308
1	1	0	0	1	93.9439119074939	113.777450079868
1	0	0	0	0	97.7572154782958	124.730812649035
1	1	0	0	0	92.4534704381357	118.138560294918
0	2	0	1	0	95.7641876755613	121.649599865083
0	0	1	0	0	89.7301078422315	97.4122122629189
1	0	0	1	0	98.4044876385311	123.111948394055
1	1	0	0	0	85.5441020940849	97.9924945437882
0	0	0	0	2	104.213637714449	134.873007357029
0	1	1	0	1	98.2450304612646	125.600485942376
0	0	0	0	0	95.1480078435344	122.708809870579
1	0	0	0	0	93.8535591282667	110.068279124317
0	0	0	0	0	96.4063952128767	115.937258857689
2	0	1	0	1	91.4696407866643	106.197536445755
0	1	0	1	1	103.125590467019	136.198865387787
1	0	0	0	0	87.032732241873	90.0752224338595
2	0	0	0	0	88.2500865179999	101.874285647864
1	0	0	1	0	96.065616565548	123.863242344844
1	0	0	0	0	95.8650881636812	120.135476866465
2	0	0	0	1	103.125461275474	138.61192613183
1	0	0	1	0	94.2114261548717	115.129177513267
0	0	0	1	0	95.4244113837203	120.67641085854
1	1	0	1	0	107.196832759486	150.716160623211
1	0	1	1	1	104.978305607738	140.306342474422
1	0	0	0	0	95.615980101626	116.152786221069
1	0	0	1	1	97.7865840788769	123.391709802826
0	1	0	1	0	95.7109027297607	113.925946590282
1	0	1	0	0	95.2939046191211	118.417029821368
2	0	1	0	0	87.7593121365773	111.771779124061
0	0	0	0	0	90.1800583167677	105.770296101952
1	0	0	0	0	104.873431753021	134.785779038712
1	0	1	0	0	96.1491261237455	118.532929271507
0	0	0	0	0	96.6880930646274	126.007937622031
1	0	2	0	0	87.3127919315241	102.18884359006
0	1	1	0	0	96.5963893123244	116.525480862531
0	1	2	0	0	88.3010452447058	103.19894507358
1	1	1	1	0	95.9269057631069	117.928228041965
0	1	1	0	0	99.3272789296035	123.519813357309
1	0	0	0	0	100.189166109268	133.634667314444
0	0	1	0	0	87.9895525357815	98.564348918322
1	1	0	0	0	93.4286292581002	104.027856720715
0	0	1	0	0	89.9331280254051	107.901354341361
0	0	0	0	0	92.6793093448718	109.060012103991
1	0	0	2	0	93.8142986970955	110.654039248054
1	1	0	0	0	89.5440948845004	103.122641296477
1	0	0	0	0	96.4644162696079	123.791999554126
1	0	0	0	0	86.993723904704	105.778428042341
2	0	0	0	1	100.570285688355	144.601528331853
1	0	0	1	0	93.3723854768302	123.471979537829
0	0	0	0	0	98.7680035702743	127.537792159561
0	0	0	1	1	91.4100303499655	103.33556980937
1	0	0	0	0	93.6843274245055	111.499136261217
0	0	1	0	0	96.7100699026345	121.780709347068
0	0	0	1	1	89.9091654727873	95.2485486163852
0	0	1	0	0	98.3772294977759	126.456788971182
0	1	0	0	0	93.9021383302405	105.0874397267
0	0	0	0	0	99.1789221323579	128.023799628054
0	0	0	1	0	103.658295041582	131.515491662936
1	0	0	1	0	96.3239906397979	115.693837366894
1	0	0	0	0	98.3039074259958	120.76683791415
1	1	0	1	0	96.36317678599	122.69835599213
0	0	1	0	1	96.4240071382438	111.691727387611
1	0	0	0	0	101.233319088259	131.338608603468
0	0	0	0	0	99.5157564669638	123.395902530371
1	1	0	1	0	81.3376106785245	89.3374202917427
0	1	0	0	1	97.8977693053705	120.976785528672
0	0	1	0	0	93.1037987247552	116.191783126064
1	1	0	0	0	98.2558663830434	127.092123960643
0	0	0	1	1	92.8569065707059	115.118497129772
0	0	1	0	1	94.8614232233771	115.138875489709
0	0	1	1	0	93.8262238315691	109.670725133251
1	0	2	1	0	92.4333870977084	105.035626509701
0	1	0	0	0	96.3474206392168	123.097046072793
0	1	0	1	0	103.042503763081	135.067431241375
0	0	0	0	0	96.5582277545373	119.444818310763
0	0	2	1	0	95.1622167890497	120.999002154079
1	1	0	1	0	90.4705845979104	109.952979407189
2	1	0	0	1	101.745170303647	127.30237344656
2	2	1	1	0	97.3985645207083	123.862193555615
0	1	0	1	0	100.061729151198	127.354537503471
0	1	0	1	0	96.2743420807976	107.089797110249
0	0	0	0	0	99.7682265535077	128.159799698485
0	1	0	1	0	96.5541337584747	128.281782968464
0	0	0	0	0	91.7875287440303	115.468511874514
1	1	1	0	0	96.097541898449	128.462475299039
1	0	1	0	1	94.9270050444902	112.996424470956
0	0	0	0	0	93.7961360723933	121.269861789378
0	1	0	0	0	99.6413671480644	127.489636182994
0	0	2	0	0	100.448629865102	129.867987937556
0	0	0	0	0	91.8449164785192	107.252574010482
1	1	1	1	0	93.5957728800537	108.951003349838
2	0	0	0	0	92.1336728036938	112.282729490095
0	0	0	0	1	98.1658377666149	117.425075656713
1	0	0	1	0	97.5237885311547	125.998661748634
0	0	0	0	0	99.3452174762998	131.721159971563
1	1	1	1	2	98.9512496867408	134.576714643725
1	0	0	0	1	97.3832916954834	126.686879917328
0	0	1	0	0	91.6690951583742	111.148004539985
2	1	0	0	0	93.9138163086144	110.147930938274
1	1	0	0	1	101.262469271496	138.896440264506
1	0	0	1	1	92.6667847316812	109.007702409321
0	2	1	1	0	101.992104796576	134.279476348526
0	1	2	0	0	97.4197832558344	120.904261002909
0	0	0	0	0	95.1081317242739	117.728679566143
1	0	1	1	0	93.9123968712096	115.541961109964
2	1	1	1	0	103.826975024334	133.565446004437
2	0	1	0	1	105.480575238512	129.820743942828
1	0	0	0	0	91.8704367767979	121.963685644273
2	0	1	0	0	96.0296847330446	121.715027830388
1	0	0	0	1	88.0161568152841	99.7237456733178
0	1	0	0	0	96.6316756322922	121.458983249086
0	2	0	0	0	96.9056830880272	115.81843198984
1	0	0	0	0	102.30625298742	129.86383148035
1	1	0	1	0	98.6089929163007	126.356496515162
0	0	0	0	0	96.2986966795891	119.998924835753
0	0	2	1	1	105.931688298872	138.016169378701
1	1	1	0	0	100.376675194005	124.952025590801
1	0	0	1	0	97.7962269657214	120.821079934502
0	1	1	0	1	100.283594727514	136.030890159997
1	0	2	1	0	97.1608633706295	117.193829684918
0	0	1	0	0	88.8027944877638	110.706472328935
1	0	1	0	0	98.2401511126428	130.543170792441
1	0	0	0	0	79.793897001051	91.4879585778643
1	2	1	0	1	89.9349343532477	112.701715686466
0	2	0	1	0	92.93668999695	108.584023642013
0	0	0	0	0	94.1533954530666	115.58112339718
0	0	1	0	2	104.276932932987	140.374245023896
0	1	0	0	0	97.7407939391066	113.457903451353
1	0	1	1	0	96.0671804145332	115.356092502704
0	1	1	0	0	97.9333741923085	128.523605473148
0	1	0	1	0	94.8231995794136	118.876148121367
0	0	0	0	0	99.4277704840439	127.105267058544
1	0	0	0	0	97.3072300719386	111.909628886452
1	0	0	0	0	90.0639437752737	97.1250297243366
0	1	0	0	0	97.4512724900149	120.322026487946
1	0	0	1	0	95.8633035067394	115.440604612092
1	0	1	0	0	97.99176873636	122.817379639382
0	0	0	1	0	97.6529817570523	130.090107794475
1	0	0	0	0	101.096206438227	130.886874446861
0	0	0	0	0	100.245385929862	135.613276567184
1	1	1	1	1	103.687033001385	136.208033302224
1	0	1	0	0	104.19720116422	132.772327375718
0	0	0	0	1	98.5557966925825	125.309501057968
1	0	0	0	0	87.7935694525987	105.971776817433
0	0	1	0	0	98.7421467390174	124.363724233729
0	1	0	0	0	91.9010267702659	110.834620427195
1	0	1	0	0	88.3980922613366	102.898142577315
1	0	1	1	0	100.887355385791	121.048579088184
1	0	1	0	0	103.61905131265	138.061439169228
0	1	1	0	0	98.4009900756235	115.098761020183
0	0	1	0	1	99.4756901079241	113.933613374435
1	1	0	0	0	101.515594152786	125.727472810695
0	0	0	0	0	95.7348909382076	126.629647214103
1	0	0	0	0	83.9097714480463	97.740251473233
1	1	0	0	0	99.9273512750032	126.049840446495
1	1	1	0	0	90.689389395258	112.105384983312
0	0	1	2	0	95.307581751028	116.71404176613
1	1	0	0	1	96.9899403196782	114.878762562465
2	1	1	1	0	106.186027876793	133.820259492525
2	0	0	2	1	110.472899753816	146.931457539759
0	0	0	0	0	92.6285369510101	104.96792500256
1	0	0	0	0	91.2948019885872	103.540731718948
0	0	1	0	0	95.348811256981	113.887277482982
1	1	0	0	0	92.1550912799353	111.534103674168
1	0	1	0	0	97.141574780145	122.808286785934
2	0	0	1	0	101.803068600088	130.092754496869
1	0	1	0	0	95.9090671672788	119.078859360344
1	1	1	0	0	96.2803955782024	123.348781543544
1	0	1	0	0	88.8884764161325	112.0982769004
0	0	0	0	0	90.6642281053218	109.601638284826
2	0	1	0	0	99.9995677511761	127.724988753245
0	0	0	0	0	93.4122640671785	111.731611410279
1	2	1	0	0	104.022488866859	130.91030480361
1	0	2	0	0	98.8139895200048	128.222430974748
1	1	0	0	0	104.347721090181	134.900355159186
1	1	0	0	0	99.3414100205055	119.583267150292
1	1	1	2	0	98.2778071996288	123.369926487754
0	0	1	1	0	86.7069654172798	97.9685077748153
1	0	0	0	0	89.8620902235705	111.477225737647
0	1	1	1	0	93.6067543126394	112.042825164315
1	0	1	0	0	96.5198182181705	116.081296223279
0	1	0	0	0	98.2638785921968	113.449057537771
1	1	0	0	0	94.9530904467466	110.24868062504
0	1	0	0	0	96.468133007453	122.556340189592
1	1	0	0	0	102.981828092309	133.336047888351
0	1	1	1	0	95.8988877239894	118.061349492851
1	0	0	0	0	100.534436998121	129.449280587936
0	1	1	0	1	102.346246755289	129.530065270144
0	0	0	0	1	89.9502402239283	117.012700293705
1	1	1	1	1	102.823525315219	126.987091133381
0	0	0	1	0	102.349303348665	121.65770644207
0	0	0	0	1	89.615547352484	102.121288847683
0	0	1	0	1	94.5880258455209	113.794563095492
1	1	0	0	0	90.6510611470116	97.4453282488337
0	0	1	0	1	88.0882705384206	109.284131169678
0	0	0	0	1	96.640173564216	109.750354301817
1	1	0	1	2	98.4839972436981	124.269169902114
1	0	0	0	0	96.6609499913197	122.94664682097
1	0	0	1	0	87.8067629039058	99.9330717707527
1	1	1	0	0	95.8050222031665	109.141473123043
1	0	0	0	1	100.187965588347	128.985318084517
0	0	0	0	0	103.274435624045	127.928071645311
0	2	0	0	1	96.9173788871561	131.345689832715
0	0	0	0	1	105.883198061316	146.658838786418
0	0	0	0	0	95.5479201047267	119.510160346339
0	1	0	0	0	93.7619139794515	113.516642333079
2	1	0	0	0	100.269059349008	133.489327652919
0	1	1	2	2	102.312210494947	126.701313382197
1	1	0	0	0	91.2557141678509	119.162683705398
0	0	1	0	0	93.734688738484	120.665363233538
1	0	0	1	0	97.9253573243983	122.833528134251
0	1	1	0	0	101.17748540518	121.204516916908
1	2	0	0	0	101.078786963976	127.552361957433
1	0	0	1	1	101.230820811401	125.377137600429
1	0	0	1	1	96.6184488118914	127.64738088164
0	2	0	1	1	106.943662895647	138.201997394953
0	1	0	1	0	95.7013692135163	113.88868752207
0	0	0	0	0	95.804020802424	125.416732839297
1	0	0	0	0	94.250578833227	112.529209495631
2	0	2	0	0	99.0999235258921	132.095156642351
1	1	1	1	0	99.722611945528	123.144565644683
1	1	0	0	1	100.770997730447	125.366383503373
0	0	0	0	0	91.9968833620919	110.937766469685
0	0	1	0	0	97.5921852228831	118.453266554761
0	0	2	0	0	101.695932596939	135.002047685289
0	0	0	0	0	96.7748272614742	118.519752332612
1	1	0	0	0	95.5587388095413	112.649088247339
1	1	0	0	0	99.0345511705949	113.23154258205
1	1	0	0	0	88.6309630412904	104.855023356941
1	1	0	0	0	85.2645770450107	92.9307110569001
0	1	1	1	0	89.4428502533599	107.34431102001
0	0	1	0	0	92.1706670371426	113.843586972555
0	0	1	0	0	87.0896403021089	100.90674491776
0	1	0	0	0	88.1210754631942	109.81275689331
1	0	0	0	1	91.9617969058907	114.365948314103
0	1	0	0	1	88.3729324652854	103.065752324896
1	2	0	1	0	102.05499569869	131.687256318207
1	0	0	0	1	97.1500234287355	123.575112574472
0	1	1	0	0	102.685233548355	139.259398555724
1	1	0	1	1	95.3021145682316	117.031873521724
1	1	1	0	0	88.32806654431	98.8910057764449
1	0	1	1	0	93.7056975363699	111.839323864669
1	1	1	0	1	99.677980043023	125.762063818321
0	0	0	0	0	89.5168348562101	106.46770971687
1	1	2	1	1	106.527658021543	133.712089628545
1	1	1	0	0	90.7444270665491	107.051036688646
0	0	0	0	0	88.727876858427	109.177937820296
0	2	1	1	0	95.1544614595275	121.286219721244
0	1	0	0	0	97.3632098780818	122.812140603323
0	1	1	0	1	98.3254173983261	120.816414079448
1	1	1	0	0	90.1123695142515	112.191762749022
1	0	2	1	0	93.4342863330311	115.267547068363
0	0	0	0	1	91.3679967012503	107.402037141036
1	0	1	0	0	98.2684433509919	130.434118392687
1	0	0	0	0	93.6415132700666	114.03042592453
0	0	0	0	0	99.6179513718061	127.515484391675
1	1	0	1	0	87.7444381594142	109.448094633931
1	0	0	1	0	102.12270785315	126.625301326725
0	0	0	1	0	91.6357465825433	119.387926016503
0	0	0	0	0	103.417412919279	145.524772182339
1	1	0	0	0	90.4608650091775	107.981427783614
0	0	0	0	0	97.5291027902383	118.571914612179
0	0	0	1	1	97.3984395660416	112.668927019359
1	0	0	1	0	94.9713623674572	124.15766709856
0	0	0	0	0	96.0335736869331	114.044554635254
0	0	1	0	0	101.464036825639	129.965268983058
1	0	1	1	0	99.1362603681723	128.628354798281
0	0	0	0	0	89.6997604801482	107.953120766186
0	0	1	0	1	104.71103077088	134.767818800841
1	0	2	0	0	90.0337295747959	107.585156997946
0	0	0	0	0	86.5749090347577	99.7238181860366
0	0	0	1	1	100.037271073817	127.146812115486
0	2	0	0	0	96.8099404404058	116.651640686658
0	1	0	0	0	93.2440985605496	106.504409625796
2	0	1	0	0	91.4720533219917	101.657756989654
1	1	1	0	0	100.617384796931	130.842394353911
0	0	1	0	0	104.685381965086	138.665835384967
1	0	1	1	0	95.9165013551765	122.06974367561
1	2	1	0	1	93.8249466879743	118.283447948493
0	1	0	0	0	95.5896187125987	125.604507521859
0	1	0	0	0	92.7988377045744	120.03533787184
0	0	0	0	0	97.9597232565766	117.826789806992
1	0	1	0	0	102.463093295466	129.013695993587
0	0	0	0	0	98.9141765113263	126.446612552185
0	0	0	0	0	90.9885717998396	108.545886060203
0	1	0	0	0	93.2297502759241	113.625707527809
1	0	1	0	0	96.524547348859	128.633706728129
0	0	1	0	0	83.0732169737185	99.0584954765097
1	0	1	0	0	100.987495056709	126.335565474088
1	0	1	1	0	100.261690821656	119.384701602878
1	0	0	1	0	98.5427883588027	121.806970243504
1	2	0	0	0	92.4913536128258	111.311063152554
2	0	1	1	0	100.695358193309	120.38030373958
1	0	1	1	0	102.345271565538	127.230837885185
0	0	0	0	0	90.2116344212538	110.60948399641
0	0	0	1	0	100.331323537903	123.384201282292
0	0	0	1	0	102.190540391314	135.420014232061
1	0	0	0	1	98.7622616295167	121.965677589338
0	1	0	0	0	96.3803532899246	113.624729588669
0	1	1	0	0	91.3832022705248	117.745840553715
1	0	0	0	0	90.473460197259	111.738854068428
0	0	1	0	0	94.7808644412917	111.117604434943
0	0	0	0	0	94.928085740107	117.155477325158
1	0	0	1	0	92.5983587559863	108.843297944133
1	0	1	2	0	102.51961329633	136.528474133566
0	0	0	2	0	100.496025433883	130.144769649046
0	1	1	0	0	89.0267479239479	104.562809728575
0	0	1	1	0	94.4348794079797	112.039143767983
0	0	0	0	0	87.5526760737835	105.576950954479
1	1	1	1	0	86.3274812575527	95.6267930882078
1	0	0	0	0	92.8764118864194	110.511602761392
0	1	0	1	1	108.37922658888	150.699892333466
1	0	1	1	1	104.760339293917	141.61918452945
1	0	0	0	0	102.534268684636	135.7815878317
0	1	2	1	0	100.238568035611	127.041271680019
0	1	0	0	0	94.7719630843247	113.189587076565
0	0	1	0	1	102.20503817821	138.600445812664
1	0	0	1	0	95.6396592732304	121.7779275341
1	0	1	0	1	89.3227243288338	100.725173029535
1	1	0	0	0	91.8201704026684	111.92001932538
0	1	1	2	0	105.736254717424	144.038537893315
1	1	0	0	0	102.055493738161	126.594481364857
0	0	1	1	0	95.4187730504156	114.684281105356
0	0	0	0	0	99.6878791675367	126.802867073532
2	1	0	0	0	98.4305277726714	128.650679285739
0	0	0	0	1	92.7300214909635	114.379128221378
0	0	0	0	0	101.963871086503	131.161358384424
1	1	1	1	0	94.4182260318805	108.499786156225
0	0	0	1	0	98.2016100585538	116.1359475825
1	1	1	0	0	96.1554506394774	123.623581558616
0	0	0	0	0	97.4494074695664	127.971123305028
1	0	0	1	0	97.0769331193699	113.98187349279
0	0	1	1	0	92.1899235836518	118.677642558978
1	1	1	0	1	96.7942046775226	121.370699751389
1	0	0	0	1	95.2351433347371	110.267164416552
0	2	0	0	0	100.632009882478	130.156387806145
2	0	1	0	1	96.073220135256	113.690746038273
0	0	0	0	0	93.4857802168257	119.525271796685
0	0	0	0	0	105.164564533996	145.76737672344
0	1	0	1	0	81.3542661994612	94.095816680679
0	1	0	0	0	98.3979089633031	131.278347304156
0	1	1	0	0	102.037761634627	124.783787956203
1	2	1	1	1	103.779104193061	126.479819689727
1	0	1	0	0	97.6646828193486	119.703510671551
1	0	0	1	0	101.031785911647	122.090120170828
1	0	0	0	1	94.2175181447765	119.554941826088
0	1	0	1	1	90.4601430727279	97.3759998182715
0	1	0	0	0	94.2162790595314	113.470823280983
0	0	0	0	0	93.4744854404998	105.872222930468
1	0	0	0	0	92.1898130709315	110.544633765431
0	0	0	0	0	104.569714324774	135.126461706975
0	1	0	1	1	97.3545951508231	119.207677273581
0	1	2	0	0	87.9836417492668	99.3529733815569
0	1	0	0	0	97.1205239832677	114.020429239345
2	1	0	0	1	102.528454564504	134.953423116062
2	0	0	1	1	96.8476228843521	123.413747362923
0	0	0	1	1	99.034820936001	126.399668520964
0	0	0	1	1	93.9203756030768	110.947546954914
0	1	1	0	0	104.318900873915	131.273019849141
2	1	1	0	0	96.0252335725853	124.415762628482
1	1	0	1	0	99.639700615789	122.859151939162
